user,gender,age_range,shoulder_width_cm,head_to_shoulder_cm,arm_length_cm,laboratory,living_room,industrial_site,note
U01,F,41-50,41,25,57,C1 C2,,,
U02,F,21-30,,,57,C4,,,"shoulder width, head-to-shoulder distance not recorded"
U03,M,21-30,44,28.5,58,C1 C2 C3,,,
U04,M,21-30,44,27,53.5,C1 C2 C3,,,
U05,M,21-30,41,26,54,C1 C2,,,
U06,M,21-30,47,25,58,C1 C2 C3,,,
U07,F,21-30,42,26,53,C1 C2 C3,,,
U08,F,21-30,40,29.5,52,C3,,,
U09,M,21-30,,,62,C4,,,"shoulder width, head-to-shoulder distance not recorded"
U10,M,<18,33.5,25,43,C1 C2 C3,,,
U11,F,21-30,39,28.7,50,C1 C2 C3,,,
U12,F,31-40,44,25,58,C1 C2 C3,,,
U13,M,21-30,42.8,26.3,56.2,C2 C3,,,
U14,F,18-20,38,25,52,C1 C2 C3,,,
U15,M,21-30,,,62,C4,,,"shoulder width, head-to-shoulder distance not recorded"
U16,M,21-30,,,64,C4,,,"shoulder width, head-to-shoulder distance not recorded"
U17,M,21-30,39,27.3,52,C1 C2 C3,,,
U18,M,21-30,,,70,C4,,,"shoulder width, head-to-shoulder distance not recorded"
U19,F,<18,38,26,55,C1 C2,C2,,
U20,F,21-30,,,67,C4,,,"shoulder width, head-to-shoulder distance not recorded"
U21,M,21-30,49,26,52,C1 C2 C3,,,
U22,M,21-30,46,22,58,C1 C2 C3,,,
U23,F,21-30,,,58,C4,,,"shoulder width, head-to-shoulder distance not recorded"
U24,M,21-30,41.6,28.7,57,C3 C4,C2,,
U25,M,<18,31,20,39,C1 C2 C3,,,
U26,M,21-30,,,64,C4,,,"shoulder width, head-to-shoulder distance not recorded"
U27,M,21-30,,,70,C4,,,"shoulder width, head-to-shoulder distance not recorded"
U28,M,41-50,44.5,26.5,55,C1 C2 C4,C2,,
U29,F,31-40,41,25,49,C1 C2 C3,,,
U30,M,21-30,44,28.9,53,C2 C3,,,
U31,F,21-30,,,57,C4,,,"shoulder width, head-to-shoulder distance not recorded"
U32,M,21-30,41,28,59,C1 C2 C3,,,
U33,F,21-30,38,24,48,C1 C2 C3,,,
U34,F,21-30,,,52,C4,,,"shoulder width, head-to-shoulder distance not recorded"
U35,M,18-20,48,28.5,50,C1 C2 C3,,,
U36,M,21-30,,,,C1,,,body measures not recorded
U37,M,21-30,,,67,C4,,,"shoulder width, head-to-shoulder distance not recorded"
U38,M,21-30,46,24.6,57,C1 C2 C3,,,
U39,M,21-30,,,74,C4,,,"shoulder width, head-to-shoulder distance not recorded"
U40,M,21-30,,,75,C4,,,"shoulder width, head-to-shoulder distance not recorded"
U41,F,21-30,43,24.5,54,C1 C2 C3,,,
U42,F,21-30,39,26,52,C1 C2,,,
U43,F,21-30,,,61,C4,,,"shoulder width, head-to-shoulder distance not recorded"
U44,M,21-30,47,29,56,C1 C2 C3,,,
U45,F,21-30,42.5,23.5,53.5,,C1,,
U46,F,31-40,38,29,51,,C1,,
U47,F,31-40,,,,,C1 C2,C1,body measures not recorded
U48,M,41-50,47,25,56,,C1 C2 C3,C1,
U49,F,21-30,40.5,24.5,59.5,,C1,,
U50,F,31-40,40.2,25.5,63.5,,C1 C2 C3,C1 C2,
U51,M,21-30,42.5,26,57,,C1,,
U52,F,21-30,40.5,26,50.2,,C1,,
U53,F,41-50,,,,,C2 C3,C1,body measures not recorded
U54,F,21-30,43.5,25.5,45.5,,C2 C3,,
U55,F,18-20,35,27,52,,,C3,
U56,F,21-30,44.5,25,55,,C1,C3,
U57,M,21-30,48,27.2,58.5,,C1,,
U58,F,21-30,38,28,53,,C3,C2,
U59,F,21-30,38,26.5,57,,C3,,
U60,F,,,,,,,C1,age not recorded; body measures not recorded
U61,F,,38,28.5,56,,,C1,age not recorded
U62,,,,,,,C3,,"physiological reference subset; gender, age and body measures not recorded"
U63,,,,,,,C3,,"physiological reference subset; gender, age and body measures not recorded"
U64,,,,,,,C3,,"physiological reference subset; gender, age and body measures not recorded"
U65,,,,,,,C3,,"physiological reference subset; gender, age and body measures not recorded"
U66,,,,,,,C3,,"physiological reference subset; gender, age and body measures not recorded"
U67,,,,,,,C3,,"physiological reference subset; gender, age and body measures not recorded"
U68,,,,,,,C3,,"physiological reference subset; gender, age and body measures not recorded"
