environment,environment_id,campaign,campaign_name,user,user_id,class,class_name,repetition,trial_id,ceiling_radar_height_m,timestamp,timestamp_source,reference_time,radar_files,radar_missing,radar_start,radar_duration_s,radar_points,lora_files,lora_duration_s,rfid_file,rfid_start,rfid_duration_s,rfid_reads,mocap_file,mocap_start,mocap_duration_s,mocap_bodies,imu_files,imu_sensors,imu_empty_files,imu_duration_s
Lab,1,C1,gestures,U01,1,M01,lateral raise,01,1,3,20250710161433,radar,2025-07-10T16:14:33.080+03:00,11,0;1,2025-07-10T16:14:33.080+03:00,2.128,1267.0,3,3.795,1,2025-07-10T16:27:06.625+03:00,2.453,123.0,1,2025-07-10T16:14:32.113+03:00,3.080,Chest;LeftArm;RightArm,0,,,
Lab,1,C1,gestures,U01,1,M02,push down,01,1,3,20250710161707,radar,2025-07-10T16:17:07.540+03:00,13,,2025-07-10T16:17:07.540+03:00,2.033,1445.0,3,3.800,1,2025-07-10T16:29:41.049+03:00,2.605,115.0,1,2025-07-10T16:17:06.417+03:00,3.170,Chest;LeftArm;RightArm,0,,,
Lab,1,C1,gestures,U01,1,M03,lift,01,1,3,20250710161915,radar,2025-07-10T16:19:15.418+03:00,13,,2025-07-10T16:19:15.418+03:00,2.197,1731.0,3,3.740,1,2025-07-10T16:31:48.974+03:00,2.730,109.0,1,2025-07-10T16:19:14.554+03:00,3.070,Chest;LeftArm;RightArm,0,,,
Lab,1,C1,gestures,U01,1,M04,pull,01,1,3,20250710162158,radar,2025-07-10T16:21:58.317+03:00,11,0;1,2025-07-10T16:21:58.317+03:00,1.635,996.0,3,3.130,1,2025-07-10T16:34:32.043+03:00,1.668,86.0,1,2025-07-10T16:21:57.520+03:00,2.400,Chest;LeftArm;RightArm,0,,,
Lab,1,C1,gestures,U01,1,M05,push,01,1,3,20250710162429,radar,2025-07-10T16:24:29.197+03:00,12,4,2025-07-10T16:24:29.197+03:00,1.752,1062.0,3,3.130,1,2025-07-10T16:37:02.835+03:00,1.951,79.0,1,2025-07-10T16:24:28.346+03:00,2.550,Chest;LeftArm;RightArm,0,,,
Lab,1,C1,gestures,U01,1,M06,lateral to front,01,1,3,20250710162633,radar,2025-07-10T16:26:33.336+03:00,13,,2025-07-10T16:26:33.336+03:00,1.421,1203.0,3,3.130,1,2025-07-10T16:39:06.726+03:00,1.983,76.0,1,2025-07-10T16:26:32.257+03:00,2.500,Chest;LeftArm;RightArm,0,,,
Lab,1,C1,gestures,U01,1,M07,swipe right,01,1,3,20250710162830,radar,2025-07-10T16:28:30.167+03:00,13,,2025-07-10T16:28:30.167+03:00,1.969,1632.0,3,3.610,1,2025-07-10T16:41:03.674+03:00,2.462,72.0,1,2025-07-10T16:28:29.138+03:00,3.020,Chest;LeftArm;RightArm,0,,,
Lab,1,C1,gestures,U01,1,M08,swipe left,01,1,3,20250710163024,radar,2025-07-10T16:30:24.340+03:00,12,1,2025-07-10T16:30:24.340+03:00,1.264,741.0,3,3.205,1,2025-07-10T16:42:57.465+03:00,1.957,78.0,1,2025-07-10T16:30:22.993+03:00,2.590,Chest;LeftArm;RightArm,0,,,
Lab,1,C1,gestures,U01,1,M09,throw,01,1,3,20250710163223,radar,2025-07-10T16:32:23.540+03:00,13,,2025-07-10T16:32:23.540+03:00,2.082,1475.0,3,3.215,1,2025-07-10T16:44:57.324+03:00,1.948,60.0,1,2025-07-10T16:32:22.795+03:00,2.640,Chest;LeftArm;RightArm,0,,,
Lab,1,C1,gestures,U01,1,M10,arms swing,01,1,3,20250710163420,radar,2025-07-10T16:34:20.843+03:00,13,,2025-07-10T16:34:20.843+03:00,3.573,3615.0,3,5.160,1,2025-07-10T16:46:54.879+03:00,3.329,115.0,1,2025-07-10T16:34:19.931+03:00,4.550,Chest;LeftArm;RightArm,0,,,
Lab,1,C1,gestures,U01,1,M11,two-hand throw,01,1,3,20250710163706,radar,2025-07-10T16:37:06.368+03:00,13,,2025-07-10T16:37:06.368+03:00,1.787,1756.0,3,3.305,1,2025-07-10T16:49:40.148+03:00,2.174,78.0,1,2025-07-10T16:37:05.575+03:00,2.620,Chest;LeftArm;RightArm,0,,,
Lab,1,C1,gestures,U01,1,M12,two-hand push,01,1,3,20250710163911,radar,2025-07-10T16:39:11.766+03:00,12,1,2025-07-10T16:39:11.766+03:00,1.429,972.0,3,3.070,1,2025-07-10T16:51:45.610+03:00,1.652,102.0,1,2025-07-10T16:39:10.725+03:00,2.530,Chest;LeftArm;RightArm,0,,,
Lab,1,C1,gestures,U01,1,M13,two-hand pull,01,1,3,20250710164107,radar,2025-07-10T16:41:07.077+03:00,12,4,2025-07-10T16:41:07.077+03:00,1.317,727.0,3,2.965,1,2025-07-10T16:53:40.721+03:00,1.671,78.0,1,2025-07-10T16:41:06.196+03:00,2.310,Chest;LeftArm;RightArm,0,,,
Lab,1,C1,gestures,U01,1,M14,two-hand lateral raise,01,1,3,20250710164300,radar,2025-07-10T16:43:00.155+03:00,12,4,2025-07-10T16:43:00.155+03:00,1.610,1089.0,3,3.060,1,2025-07-10T16:55:33.785+03:00,1.949,56.0,1,2025-07-10T16:42:59.229+03:00,2.410,Chest;LeftArm;RightArm,0,,,
Lab,1,C1,gestures,U01,1,M15,left-arm circle,01,1,3,20250710164503,radar,2025-07-10T16:45:03.785+03:00,13,,2025-07-10T16:45:03.785+03:00,2.460,1947.0,3,4.100,1,2025-07-10T16:57:37.335+03:00,3.211,136.0,1,2025-07-10T16:45:02.772+03:00,3.460,Chest;LeftArm;RightArm,0,,,
Lab,1,C1,gestures,U01,1,M16,right-arm circle,01,1,3,20250710164708,radar,2025-07-10T16:47:08.111+03:00,13,,2025-07-10T16:47:08.111+03:00,3.026,2308.0,3,4.605,1,2025-07-10T16:59:41.877+03:00,3.427,119.0,1,2025-07-10T16:47:07.189+03:00,4.020,Chest;LeftArm;RightArm,0,,,
Lab,1,C1,gestures,U01,1,M17,two-hand outward circles,01,1,3,20250710164911,radar,2025-07-10T16:49:11.499+03:00,13,,2025-07-10T16:49:11.499+03:00,2.774,2674.0,3,4.280,1,2025-07-10T17:01:45.226+03:00,3.196,127.0,1,2025-07-10T16:49:10.618+03:00,3.730,Chest;LeftArm;RightArm,0,,,
Lab,1,C1,gestures,U01,1,M18,two-hand inward circles,01,1,3,20250710165114,radar,2025-07-10T16:51:14.528+03:00,13,,2025-07-10T16:51:14.528+03:00,2.752,2527.0,3,4.155,1,2025-07-10T17:03:48.295+03:00,2.974,109.0,1,2025-07-10T16:51:13.621+03:00,3.640,Chest;LeftArm;RightArm,0,,,
Lab,1,C1,gestures,U01,1,M19,two-hand lateral to front,01,1,3,20250710165316,radar,2025-07-10T16:53:16.795+03:00,13,,2025-07-10T16:53:16.795+03:00,1.591,1769.0,3,3.280,1,2025-07-10T17:05:50.651+03:00,1.837,55.0,1,2025-07-10T16:53:15.910+03:00,2.680,Chest;LeftArm;RightArm,0,,,
Lab,1,C1,gestures,U01,1,M20,circle clockwise,01,1,3,20250710165609,radar,2025-07-10T16:56:09.002+03:00,13,,2025-07-10T16:56:09.002+03:00,3.306,2454.0,3,5.115,1,2025-07-10T17:08:42.750+03:00,3.935,198.0,1,2025-07-10T16:56:07.932+03:00,4.550,Chest;LeftArm;RightArm,0,,,
Lab,1,C1,gestures,U01,1,M21,circle counter-clockwise,01,1,3,20250710165815,radar,2025-07-10T16:58:15.686+03:00,12,1,2025-07-10T16:58:15.686+03:00,3.239,2243.0,3,4.805,1,2025-07-10T17:10:49.420+03:00,3.707,162.0,1,2025-07-10T16:58:14.719+03:00,4.290,Chest;LeftArm;RightArm,0,,,
Lab,1,C2,activities,U01,1,A01,walking,01,1,3,20250717144742,radar,2025-07-17T14:47:42.247+03:00,13,,2025-07-17T14:47:42.247+03:00,16.257,5117.0,3,17.630,1,2025-07-17T15:01:25.480+03:00,15.478,857.0,1,2025-07-17T14:47:41.525+03:00,16.800,Chest;Hips;LeftArm;LeftLeg;RightArm;RightLeg,0,,,
Lab,1,C2,activities,U01,1,A02,running,01,1,3,20250717145204,radar,2025-07-17T14:52:04.155+03:00,13,,2025-07-17T14:52:04.155+03:00,7.942,3934.0,3,9.715,1,2025-07-17T15:05:47.302+03:00,8.011,506.0,1,2025-07-17T14:52:03.353+03:00,9.080,Chest;Hips;LeftArm;LeftLeg;RightArm;RightLeg,0,,,
Lab,1,C2,activities,U01,1,A03,sitting,01,1,3,20250717145752,radar,2025-07-17T14:57:52.308+03:00,13,,2025-07-17T14:57:52.308+03:00,3.486,733.0,3,5.005,1,2025-07-17T15:11:35.598+03:00,3.969,345.0,1,2025-07-17T14:57:51.643+03:00,4.460,Chest;Hips;LeftArm;LeftLeg;RightArm;RightLeg,0,,,
Lab,1,C2,activities,U01,1,A04,lying,01,1,3,20250717150036,radar,2025-07-17T15:00:36.127+03:00,13,,2025-07-17T15:00:36.127+03:00,2.065,384.0,3,3.545,1,2025-07-17T15:14:19.406+03:00,2.379,218.0,1,2025-07-17T15:00:35.383+03:00,2.940,Chest;Hips;LeftArm;LeftLeg;RightArm;RightLeg,0,,,
Lab,1,C2,activities,U01,1,A05,ascending stairs,01,1,3,20250717150317,radar,2025-07-17T15:03:17.205+03:00,13,,2025-07-17T15:03:17.205+03:00,3.477,787.0,3,4.580,1,2025-07-17T15:17:00.492+03:00,3.491,329.0,1,2025-07-17T15:03:16.471+03:00,4.020,Chest;Hips;LeftArm;LeftLeg;RightArm;RightLeg,0,,,
Lab,1,C2,activities,U01,1,A06,descending stairs,01,1,3,20250717150333,radar,2025-07-17T15:03:33.704+03:00,13,,2025-07-17T15:03:33.704+03:00,2.789,636.0,3,4.440,1,2025-07-17T15:17:16.858+03:00,3.370,369.0,1,2025-07-17T15:03:32.958+03:00,3.810,Chest;Hips;LeftArm;LeftLeg;RightArm;RightLeg,0,,,
Lab,1,C2,activities,U01,1,A07,passing basketball,01,1,3,20250717150852,radar,2025-07-17T15:08:52.994+03:00,13,,2025-07-17T15:08:52.994+03:00,1.932,698.0,3,3.355,1,2025-07-17T15:22:36.248+03:00,1.989,173.0,1,2025-07-17T15:08:52.167+03:00,2.780,Chest;Hips;LeftArm;LeftLeg;RightArm;RightLeg,0,,,
Lab,1,C2,activities,U01,1,A08,playing badminton,01,1,3,20250717151210,radar,2025-07-17T15:12:10.338+03:00,13,,2025-07-17T15:12:10.338+03:00,1.776,625.0,3,3.315,1,2025-07-17T15:25:53.676+03:00,1.962,221.0,1,2025-07-17T15:12:09.622+03:00,2.680,Chest;Hips;LeftArm;LeftLeg;RightArm;RightLeg,0,,,
Lab,1,C2,activities,U01,1,A09,playing floorball,01,1,3,20250717151502,radar,2025-07-17T15:15:02.422+03:00,13,,2025-07-17T15:15:02.422+03:00,1.200,293.0,3,2.685,1,2025-07-17T15:28:45.728+03:00,1.511,187.0,1,2025-07-17T15:15:01.664+03:00,2.060,Chest;Hips;LeftArm;LeftLeg;RightArm;RightLeg,0,,,
Lab,1,C2,activities,U01,1,A10,kicking football,01,1,3,20250717151749,radar,2025-07-17T15:17:49.714+03:00,13,,2025-07-17T15:17:49.714+03:00,1.544,659.0,3,2.950,1,2025-07-17T15:31:33.052+03:00,1.894,256.0,1,2025-07-17T15:17:48.994+03:00,2.380,Chest;Hips;LeftArm;LeftLeg;RightArm;RightLeg,0,,,
Lab,1,C3,sentiment expressions,U03,3,E01,focus,01,1,3,20250720180733,radar,2025-07-20T18:07:33.869+03:00,13,,2025-07-20T18:07:33.869+03:00,120.830,4187.0,3,122.210,1,2025-07-20T18:21:48.533+03:00,120.721,9165.0,1,2025-07-20T18:07:33.074+03:00,121.110,Chest;Hips;LeftArm;LeftLeg;RightArm;RightLeg,9,Chest;LeftArm;RightArm,,106.513
Lab,1,C3,sentiment expressions,U03,3,E02,distraction,01,1,3,20250720181043,radar,2025-07-20T18:10:43.677+03:00,13,,2025-07-20T18:10:43.677+03:00,231.213,5978.0,3,234.260,1,2025-07-20T18:24:56.813+03:00,232.874,25257.0,1,2025-07-20T18:10:41.260+03:00,233.280,Chest;Hips;LeftArm;LeftLeg;RightArm;RightLeg,9,Chest;LeftArm;RightArm,,169.988
Lab,1,C3,sentiment expressions,U03,3,E03,stress,01,1,3,20250720181551,radar,2025-07-20T18:15:51.977+03:00,13,,2025-07-20T18:15:51.977+03:00,178.757,8165.0,3,180.410,1,2025-07-20T18:30:06.558+03:00,179.977,17869.0,1,2025-07-20T18:15:51.028+03:00,179.310,Chest;Hips;LeftArm;LeftLeg;RightArm;RightLeg,9,Chest;LeftArm;RightArm,,141.959
Lab,1,C3,sentiment expressions,U03,3,E04,relaxation,01,1,3,20250720182005,radar,2025-07-20T18:20:05.567+03:00,13,,2025-07-20T18:20:05.567+03:00,112.335,5066.0,3,115.540,1,2025-07-20T18:34:19.533+03:00,114.360,15981.0,1,2025-07-20T18:20:03.878+03:00,114.710,Chest;Hips;LeftArm;LeftLeg;RightArm;RightLeg,9,Chest;LeftArm;RightArm,,100.415
Lab,1,C3,sentiment expressions,U03,3,E05,depression,01,1,3,20250720183127,radar,2025-07-20T18:31:27.984+03:00,13,,2025-07-20T18:31:27.984+03:00,71.574,3759.0,3,74.730,1,2025-07-20T18:40:19.143+03:00,62.855,7933.0,1,2025-07-20T18:31:27.434+03:00,73.050,Chest;Hips;LeftArm;LeftLeg;RightArm;RightLeg,9,Chest;LeftArm;RightArm,,70.818
Lab,1,C3,sentiment expressions,U03,3,E06,excitement,01,1,3,20250720182603,radar,2025-07-20T18:26:03.941+03:00,13,,2025-07-20T18:26:03.941+03:00,63.094,9382.0,3,63.905,1,2025-07-20T18:45:43.832+03:00,72.150,8817.0,1,2025-07-20T18:26:03.501+03:00,63.190,Chest;Hips;LeftArm;LeftLeg;RightArm;RightLeg,9,Chest;LeftArm;RightArm,,62.309
LivingRoom,2,C1,gestures,U45,45,M01,lateral raise,01,1,3,20260410140718,radar,2026-04-10T14:07:18.166+03:00,11,0;1,2026-04-10T14:07:18.166+03:00,2.344,351.0,0,,0,,,,0,,,,9,Chest;LeftArm;RightArm,,1.319
LivingRoom,2,C1,gestures,U45,45,M02,push down,01,1,3,20260410140930,radar,2026-04-10T14:09:30.877+03:00,13,,2026-04-10T14:09:30.877+03:00,2.357,357.0,0,,0,,,,0,,,,9,Chest;LeftArm;RightArm,,1.318
LivingRoom,2,C1,gestures,U45,45,M03,lift,01,1,3,20260410141314,radar,2026-04-10T14:13:14.829+03:00,10,0;1;2,2026-04-10T14:13:14.829+03:00,2.400,364.0,0,,0,,,,0,,,,9,Chest;LeftArm;RightArm,,1.716
LivingRoom,2,C1,gestures,U45,45,M04,pull,01,1,3,20260410141441,radar,2026-04-10T14:14:41.091+03:00,8,0;1;2;3;6,2026-04-10T14:14:41.091+03:00,1.925,198.0,0,,0,,,,0,,,,9,Chest;LeftArm;RightArm,,0.774
LivingRoom,2,C1,gestures,U45,45,M05,push,01,1,3,20260410141557,radar,2026-04-10T14:15:57.557+03:00,10,0;1;3,2026-04-10T14:15:57.557+03:00,2.296,280.0,0,,0,,,,0,,,,9,Chest;LeftArm;RightArm,,1.244
LivingRoom,2,C1,gestures,U45,45,M06,lateral to front,01,1,3,20260410141714,radar,2026-04-10T14:17:14.991+03:00,11,0;1,2026-04-10T14:17:14.991+03:00,2.267,290.0,0,,0,,,,0,,,,9,Chest;LeftArm;RightArm,RightArm_acc_data.csv,1.794
LivingRoom,2,C1,gestures,U45,45,M07,swipe right,01,1,3,20260410141830,radar,2026-04-10T14:18:30.239+03:00,9,0;1;2;4,2026-04-10T14:18:30.239+03:00,2.814,395.0,0,,0,,,,0,,,,9,Chest;LeftArm;RightArm,RightArm_acc_data.csv,1.631
LivingRoom,2,C1,gestures,U45,45,M08,swipe left,01,1,3,20260410142105,radar,2026-04-10T14:21:05.465+03:00,10,0;1;2,2026-04-10T14:21:05.465+03:00,2.181,354.0,0,,0,,,,0,,,,9,Chest;LeftArm;RightArm,RightArm_acc_data.csv,1.240
LivingRoom,2,C1,gestures,U45,45,M09,throw,01,1,3,20260410142220,radar,2026-04-10T14:22:20.620+03:00,11,0;1,2026-04-10T14:22:20.620+03:00,2.203,296.0,0,,0,,,,0,,,,9,Chest;LeftArm;RightArm,RightArm_acc_data.csv,1.560
LivingRoom,2,C1,gestures,U45,45,M10,arms swing,01,1,3,20260410142551,radar,2026-04-10T14:25:51.715+03:00,11,0;1,2026-04-10T14:25:51.715+03:00,5.099,866.0,0,,0,,,,0,,,,9,Chest;LeftArm;RightArm,RightArm_acc_data.csv,0.774
LivingRoom,2,C1,gestures,U45,45,M11,two-hand throw,01,1,3,20260410142723,radar,2026-04-10T14:27:23.925+03:00,12,0,2026-04-10T14:27:23.925+03:00,3.637,517.0,0,,0,,,,0,,,,9,Chest;LeftArm;RightArm,RightArm_acc_data.csv,2.894
LivingRoom,2,C1,gestures,U45,45,M12,two-hand push,01,1,3,20260410142834,radar,2026-04-10T14:28:34.037+03:00,11,0;1,2026-04-10T14:28:34.037+03:00,2.041,248.0,0,,0,,,,0,,,,9,Chest;LeftArm;RightArm,RightArm_acc_data.csv,0.539
LivingRoom,2,C1,gestures,U45,45,M13,two-hand pull,01,1,3,20260410142956,radar,2026-04-10T14:29:56.871+03:00,9,0;1;3;6,2026-04-10T14:29:56.871+03:00,1.809,235.0,0,,0,,,,0,,,,9,Chest;LeftArm;RightArm,RightArm_acc_data.csv,0.849
LivingRoom,2,C1,gestures,U45,45,M14,two-hand lateral raise,01,1,3,20260410143111,radar,2026-04-10T14:31:11.872+03:00,11,1;2,2026-04-10T14:31:11.872+03:00,2.164,338.0,0,,0,,,,0,,,,9,Chest;LeftArm;RightArm,RightArm_acc_data.csv,1.559
LivingRoom,2,C1,gestures,U45,45,M15,left-arm circle,01,1,3,20260410143538,radar,2026-04-10T14:35:38.458+03:00,10,0;1;2,2026-04-10T14:35:38.458+03:00,4.399,560.0,0,,0,,,,0,,,,9,Chest;LeftArm;RightArm,,2.894
LivingRoom,2,C1,gestures,U45,45,M16,right-arm circle,01,1,3,20260410143652,radar,2026-04-10T14:36:52.061+03:00,11,0;1,2026-04-10T14:36:52.061+03:00,3.506,528.0,0,,0,,,,0,,,,9,Chest;LeftArm;RightArm,,2.647
LivingRoom,2,C1,gestures,U45,45,M17,two-hand outward circles,01,1,3,20260410143802,radar,2026-04-10T14:38:02.990+03:00,12,1,2026-04-10T14:38:02.990+03:00,3.274,519.0,0,,0,,,,0,,,,9,Chest;LeftArm;RightArm,,3.601
LivingRoom,2,C1,gestures,U45,45,M18,two-hand inward circles,01,1,3,20260410143918,radar,2026-04-10T14:39:18.960+03:00,13,,2026-04-10T14:39:18.960+03:00,3.306,524.0,0,,0,,,,0,,,,9,Chest;LeftArm;RightArm,,2.266
LivingRoom,2,C1,gestures,U45,45,M19,two-hand lateral to front,01,1,3,20260410144042,radar,2026-04-10T14:40:42.654+03:00,10,0;1;6,2026-04-10T14:40:42.654+03:00,2.354,314.0,0,,0,,,,0,,,,9,Chest;LeftArm;RightArm,,1.240
LivingRoom,2,C1,gestures,U45,45,M20,circle clockwise,01,1,3,20260410144159,radar,2026-04-10T14:41:59.009+03:00,10,0;1;4,2026-04-10T14:41:59.009+03:00,3.800,474.0,0,,0,,,,0,,,,9,Chest;LeftArm;RightArm,,1.480
LivingRoom,2,C1,gestures,U45,45,M21,circle counter-clockwise,01,1,3,20260410144317,radar,2026-04-10T14:43:17.471+03:00,11,0;1,2026-04-10T14:43:17.471+03:00,4.038,514.0,0,,0,,,,0,,,,9,Chest;LeftArm;RightArm,,2.960
Industry,3,C2,activities,U50,50,A01,walking,01,1,3,20260422151445,radar,2026-04-22T15:14:45.025+03:00,12,0,2026-04-22T15:14:45.025+03:00,8.349,1914.0,0,,0,,,,0,,,,9,Chest;RightArm;RightLeg,,8.076
Industry,3,C2,activities,U50,50,A02,running,01,1,3,20260422151653,radar,2026-04-22T15:16:53.897+03:00,12,0,2026-04-22T15:16:53.897+03:00,4.551,1555.0,0,,0,,,,0,,,,9,Chest;RightArm;RightLeg,,4.150
Industry,3,C2,activities,U50,50,A03,sitting,01,1,3,20260422151912,radar,2026-04-22T15:19:12.637+03:00,12,0,2026-04-22T15:19:12.637+03:00,3.972,557.0,0,,0,,,,0,,,,9,Chest;RightArm;RightLeg,,3.444
Industry,3,C2,activities,U50,50,A04,lying,01,1,3,20260422152122,radar,2026-04-22T15:21:22.553+03:00,11,0;3,2026-04-22T15:21:22.553+03:00,1.364,176.0,0,,0,,,,0,,,,9,Chest;RightArm;RightLeg,,1.245
Industry,3,C2,activities,U50,50,A05,ascending stairs,01,1,3,20260422152520,radar,2026-04-22T15:25:20.724+03:00,11,0;3,2026-04-22T15:25:20.724+03:00,4.027,721.0,0,,0,,,,0,,,,9,Chest;RightArm;RightLeg,,3.679
Industry,3,C2,activities,U50,50,A06,descending stairs,01,1,3,20260422152535,radar,2026-04-22T15:25:35.071+03:00,11,0;3,2026-04-22T15:25:35.071+03:00,3.900,776.0,0,,0,,,,0,,,,9,Chest;RightArm;RightLeg,,3.444
Industry,3,C2,activities,U50,50,A07,passing basketball,01,1,3,20260422153044,radar,2026-04-22T15:30:44.292+03:00,12,0,2026-04-22T15:30:44.292+03:00,1.705,324.0,0,,0,,,,0,,,,9,Chest;RightArm;RightLeg,,0.931
Industry,3,C2,activities,U50,50,A08,playing badminton,01,1,3,20260422153431,radar,2026-04-22T15:34:31.706+03:00,12,0,2026-04-22T15:34:31.706+03:00,0.957,234.0,0,,0,,,,0,,,,9,Chest;RightArm;RightLeg,,0.224
Industry,3,C2,activities,U50,50,A09,playing floorball,01,1,3,20260422153613,radar,2026-04-22T15:36:13.805+03:00,11,0;3,2026-04-22T15:36:13.805+03:00,1.278,134.0,0,,0,,,,0,,,,9,Chest;RightArm;RightLeg,,0.379
Industry,3,C2,activities,U50,50,A10,kicking football,01,1,3,20260422153828,radar,2026-04-22T15:38:28.708+03:00,12,0,2026-04-22T15:38:28.708+03:00,1.106,314.0,0,,0,,,,0,,,,9,Chest;RightArm;RightLeg,Chest_gyro_data.csv;Chest_magn_data.csv,0.145
